ID,ISBN,Автор,Артикул,Бумага,В продаже с,Вес,Возраст,Год издания,Год производства,Издательство,Иллюстраторы,Иллюстрации,Код товара,Место издания,Место производства,Название,Наличие,Обложка,Обрез,Описание,Перевод,Производитель,Размеры в мм (ДхШхВ),Рейтинг,Стикеры,Страниц,Тип обложки,Тираж,Тиснение,Формат,Футляр,Цена,Язык оригинала,Язык текста
1000044,978-5-17-114038-0,Фицджеральд Ф. С.,ASE000000000842319,,27.07.2019,260 гр.,,2019,,АСТ,,,1000044,Москва,,Великий Гэтсби = The Great Gatsby. Уникальная методика обучения языку В. Ратке. Фицджеральд Ф. С.,True,/image/book/664/w259/i664133.jpg,,,,,200x137x24,0,,320,Мягкая обложка,2000 экз.,,60х84 1/16,,,,английский
1000435,978-5-17-115705-0,Достоевский Ф. М.,ASE000000000843846,,30.07.2019,240 гр.,,2019,,АСТ,,,1000435,Москва,,Чужая жена и муж под кроватью. Достоевский Ф. М.,True,/image/book/664/w259/i664507.jpg,,,,,180x115x27,0,,384,Мягкая обложка,5000 экз.,,76х100 1/32,,,,русский
1000624,978-5-905909-26-9,Стругацкий А. Н.,978-5-905909-26-9,,31.07.2019,490 гр.,,2019,,Издательство Сидорович,,,1000624,СПб,,"Полное собрание сочинений. В 33 томах. Том 16. 1970. Стругацкий А. Н., Стругацкий Б. Н.",True,/image/book/664/w259/i664724.jpg,,,,,208x132x24,0,,384,Твердый переплет (ткань),350 экз.,,84х108 1/32,,,,русский
1000625,978-5-905909-27-6,Стругацкий А. Н.,978-5-905909-27-6,,31.07.2019,760 гр.,,2019,,Издательство Сидорович,,,1000625,СПб,,"Полное собрание сочинений. В 33 томах. Том 17. 1971. Стругацкий А. Н., Стругацкий Б. Н.",True,/image/book/664/w259/i664723.jpg,,,,,208x132x38,0,,624,Твердый переплет (ткань),350 экз.,,84х108 1/32,,,,русский
1002585,978-5-17-117177-3,Лукьяненко С. В.,ASE000000000845549,,15.08.2019,655 гр.,,2019,,АСТ,,,1002585,Москва,,Звезды — холодные игрушки. Звездная тень. Лукьяненко С. В.,True,/image/book/666/w259/i666647.jpg,,,,,218x143x37,0,,672,Твердый переплет,2000 экз.,,60х90 1/16,,,,русский
1002955,978-5-04-100577-1,Фицджеральд Ф. С.,ITD000000000950861,,16.08.2019,255 гр.,,2019,,Эксмо,,,1002955,Москва,,Ночь нежна. Фицджеральд Ф. С.,True,/image/book/666/w259/i666887.jpg,,,Ильин С.,,181x115x21,0,,512,Мягкая обложка,3000 экз.,,76х100 1/32,,,английский,русский
1003154,978-5-17-116874-2,Стругацкий А. Н.,ASE000000000845259,,17.08.2019,710 гр.,,2019,,АСТ,,,1003154,Москва,,"Собрание сочинений. 1979-1984. Жук в муравейнике; Хромая судьба; Волны гасят ветер. Том 8. Стругацкий А. Н., Стругацкий Б. Н.",True,/image/book/667/w259/i667052.jpg,,,,,215x145x44,0,,672,Твердый переплет,2500 экз.,,60х90 1/16,,,,русский
1003747,978-5-17-117175-9,Лукьяненко С. В.,ASE000000000845548,,22.08.2019,500 гр.,,2019,,АСТ,,,1003747,Москва,,Лорд с планеты Земля. Лукьяненко С. В.,True,/image/book/667/w259/i667817.jpg,,,,,215x145x29,0,,480,Твердый переплет,2000 экз.,,60х90 1/16,,,,русский
1003888,978-5-17-118948-8,Фрай М.,ASE000000000845246,,23.08.2019,325 гр.,,2019,,АСТ,,,1003888,Москва,,Неизвестным для меня способом. Фрай М.,True,/image/book/667/w259/i667906.jpg,,,,,200x130x20,0,,288,Твердый переплет,7000 экз.,,84х108 1/32,,,,русский
1004205,978-5-9905833-4-4,Достоевский Ф. М.,,,27.08.2019,227 гр.,16 +,2015,,Искателькнига,,,1004205,Москва,,Игрок. Достоевский Ф. М.,False,/image/book/668/w259/i668202.jpg,,,,,215x145,0,,126,Твердый переплет,3000 экз.,,60х90 1/16,,,,русский
1004307,978-5-17-116873-5,Фицджеральд Ф. С.,ASE000000000845258,,27.08.2019,100 гр.,,2019,,АСТ,,,1004307,Москва,,Великий Гэтсби / The Great Gatsby. Уровень 4. Фицджеральд Ф. С.,True,/image/book/668/w259/i668315.jpg,,,,,200x130x7,0,,128,Мягкая обложка,3000 экз.,,84х108 1/32,,,,итальянский
1004662,978-5-17-118505-3,Лукьяненко С. В.,ASE000000000846843,,29.08.2019,315 гр.,,2019,,АСТ,,,1004662,Москва,,Сумеречный Дозор. Лукьяненко С. В.,True,/image/book/668/w259/i668696.jpg,,,,,200x130x30,0,,400,Твердый переплет,3000 экз.,,84х108 1/32,,,,русский
1006464,978-5-17-118366-0,Глуховский Д. А.,ASE000000000846758,,09.09.2019,575 гр.,,2019,,АСТ,,,1006464,Москва,,Будущее. Глуховский Д. А.,True,/image/book/670/w259/i670272.jpg,,,,,215x170x30,0,,480,Твердый переплет,3000 экз.,,70х90 1/16,,,,русский
1006604,4607031771372,Стругацкий А. Н.,93251,,09.09.2019,300 гр.,,,2019,,,,1006604,,Москва,"Собрание сочинений. Том 1. 12 CD: Мр3. Стругацкий А. Н., Стругацкий Б. Н.",True,/image/book/670/w259/i670378.jpg,,,,Ардис,157x157x25,0,,,Коробка,,,,,,,русский
1006605,4607031771389,Стругацкий А. Н.,93253,,09.09.2019,300 гр.,,,2019,,,,1006605,,Москва,"Собрание сочинений. Том 2. 12 CD: Мр3. Стругацкий А. Н., Стругацкий Б. Н.",True,/image/book/670/w259/i670377.jpg,,,,Ардис,157x157x25,0,,,Коробка,,,,,,,русский
1006768,978-5-17-116868-1,Фицджеральд Ф. С.,ASE000000000845254,,10.09.2019,215 гр.,,2019,,АСТ,,,1006768,Москва,,По эту сторону рая. Фицджеральд Ф. С.,True,/image/book/670/w259/i670786.jpg,,,Лорие М.,,180x115x25,0,,352,Мягкая обложка,5000 экз.,,76х100 1/32,,,английский,русский
1007209,978-5-17-118524-4,Лукьяненко С. В.,ASE000000000846848,,12.09.2019,290 гр.,,2019,,АСТ,,,1007209,Москва,,Последний Дозор. Лукьяненко С. В.,True,/image/book/670/w259/i670888.jpg,,,,,200x130x27,0,,368,Твердый переплет,3000 экз.,,84х108 1/32,,,,русский
1007342,978-5-389-08828-3,Фицджеральд Ф. С.,А0000015751,,13.09.2019,670 гр.,,2019,,КоЛибри; Азбука-Аттикус,,,1007342,Москва,,Заметки о моем поколении. Фицджеральд Ф. С.,True,/image/book/670/w259/i670918.jpg,,,,,215x145x28,5,,544,Твердый переплет,3000 экз.,,60х90 1/16,,,английский,русский
1007343,978-5-389-08828-3,Фицджеральд Ф. С.,А0000015751,,13.09.2019,670 гр.,,2019,,КоЛибри; Азбука-Аттикус,,,1007343,Москва,,Заметки о моем поколении. Фицджеральд Ф. С.,True,/image/book/670/w259/i670918.jpg,,,,,215x145x28,0,,544,Твердый переплет,3000 экз.,,60х90 1/16,,,английский,русский
1008649,978-5-699-80076-6,Роллинс Дж.,ITD000000000604796,,20.09.2019,225 гр.,,2019,,Эксмо,,,1008649,Москва,,Алтарь Эдема. Роллинс Дж.,True,/image/book/672/w259/i672318.jpg,,,Филонов А. В.,,165x112x20,0,,512,Мягкая обложка,2000 экз.,,70х100 1/32,,,английский,русский
1009580,978-5-17-118480-3,Лукьяненко С. В.,ASE000000000846855,,26.09.2019,295 гр.,,2019,,АСТ,,,1009580,Москва,,Новый Дозор. Лукьяненко С. В.,True,/image/book/673/w259/i673070.jpg,,,,,200x130x27,0,,384,Твердый переплет,3000 экз.,,84х108 1/32,,,,русский
1010126,978-5-00111-588-5,Хантер Э.,238119,,30.09.2019,330 гр.,11 +,2020,,Абрис,Насыров Л.,,1010126,Москва,,Дымная гора. Хантер Э.,True,/image/book/673/w259/i673483.jpg,,,Максимова В.,,200x130x16,0,,320,Твердый переплет,3000 экз.,,84х108 1/32,,,английский,русский
1011243,978-5-389-13319-8,Роулинг Дж. К.,А0000014072,,07.10.2019,2090 гр.,14 +,2019,,Махаон; Азбука-Аттикус,Кей Джим,,1011243,Москва,,Гарри Поттер и Кубок Огня.,True,/image/book/674/w259/i674488.jpg,,,Спивак М.,,290x247x42,5,,452,Твердый переплет+суперобложка,12000 экз.,,60х100 1/8,,,английский,русский
1011244,978-5-389-13319-8,Роулинг Дж. К.,А0000014072,,07.10.2019,2090 гр.,14 +,2019,,Махаон; Азбука-Аттикус,Кей Джим,,1011244,Москва,,Гарри Поттер и Кубок Огня.,True,/image/book/674/w259/i674488.jpg,,,Спивак М.,,290x247x42,0,,452,Твердый переплет+суперобложка,12000 экз.,,60х100 1/8,,,английский,русский
1011948,978-5-17-118843-6,Стругацкий А. Н.,ASE000000000847243,,10.10.2019,540 гр.,,2019,,АСТ,,,1011948,Москва,,"Собрание сочинений. Том 9. 1985—1990. Стругацкий А. Н., Стругацкий Б. Н.",True,/image/book/675/w259/i675133.jpg,,,,,215x145x35,0,,496,Твердый переплет,1500 экз.,,60х90 1/16,,,,русский
1011949,978-5-17-118536-7,Лукьяненко С. В.,ASE000000000846858,,10.10.2019,290 гр.,,2019,,АСТ,,,1011949,Москва,,Шестой Дозор. Лукьяненко С. В.,True,/image/book/675/w259/i675054.jpg,,,,,206x133x21,0,,352,Твердый переплет,3000 экз.,,84х108 1/32,,,,русский
1012069,978-5-17-118864-1,Стругацкий А. Н.,ASE000000000847263,,11.10.2019,295 гр.,,2019,,АСТ,,,1012069,Москва,,"Понедельник начинается в субботу. Стругацкий А. Н., Стругацкий Б. Н.",True,/image/book/675/w259/i675187.jpg,,,,,200x130x24,5,,288,Твердый переплет,5000 экз.,,84х108 1/32,,,,русский
1012072,978-5-17-118639-5,Стругацкий А. Н.,ASE000000000847008,,11.10.2019,250 гр.,,2019,,АСТ,,,1012072,Москва,,"Трудно быть богом. Стругацкий А. Н., Стругацкий Б. Н.",True,/image/book/675/w259/i675184.jpg,,,,,200x130x20,0,,224,Твердый переплет,4000 экз.,,84х108 1/32,,,,русский
1012089,978-5-699-93016-6,Достоевский Ф. М.,ITD000000000832998,,11.10.2019,425 гр.,,2019,,Эксмо,,,1012089,Москва,,Преступление и наказание. Достоевский Ф. М.,True,/image/book/675/w259/i675194.jpg,,,,,200x130x28,5,,592,Твердый переплет,7000 экз.,,84х108 1/32,,,,русский
1012300,978-5-00111-558-8,Хантер Э.,240345,,14.10.2019,375 гр.,11 +,2020,,Абрис,Насыров Л.,,1012300,Москва,,Нерассказанные истории. Сердце Пестролистой. Хантер Э.,True,/image/book/675/w259/i675354.jpg,,,Максимова В. А.,,200x130x21,4,,381,Твердый переплет,6000 экз.,,84х108 1/32,,,английский,русский
1013352,978-5-17-119814-5,Лукьяненко С. В.,ASE000000000848220,,23.10.2019,270 гр.,,2019,,АСТ,,,1013352,Москва,,"Время для мага. Лучшая фантастика — 2020. Лукьяненко С. В., Некрасов Ю., Белаш А.",True,/image/book/677/w259/i677391.jpg,,,,,207x133x25,0,,352,Твердый переплет,3000 экз.,,,,,,русский
1017201,978-5-389-17026-1,Роулинг Дж. К.,А0000018894,,11.11.2019,610 гр.,,2019,,Махаон; Азбука-Аттикус,,,1017201,Москва,,Гарри Поттер и узник Азкабана.,True,/image/book/680/w259/i680306.jpg,,,Спивак М.,,208x133x28,0,,544,Твердый переплет с окрашенным обрезом+суперобложка,3000 экз.,,84х108 1/32,,,английский,русский
1017758,978-5-17-114144-8,Фрай М.,ASE000000000836298,,14.11.2019,430 гр.,,2019,,АСТ,,,1017758,Москва,,Так берегись. Фрай М.,True,/image/book/678/w259/i678909.jpg,,,,,200x130x28,0,Новинка;Бестселлер,480,Твердый переплет,27000 экз.,,84х108 1/32,,,,русский
1018117,978-5-17-108279-6,Стругацкий А. Н.,ASE000000000836262,,15.11.2019,630 гр.,,2018,,АСТ,,,1018117,Москва,,"Собрание сочинений. Том 1. 1955-1959. Стругацкий А. Н., Стругацкий Б. Н.",True,/image/book/679/w259/i679367.jpg,,,,,215x145x40,0,,592,Твердый переплет,3500 экз.,,60х90 1/16,,,,русский
276600,4607031752135,Достоевский Ф. М.,50819,,22.04.2005,100 гр.,,,2005,,,,276600,,Москва,Преступление и наказание. 2 CD: mp3. Достоевский Ф. М.,True,/image/book/141/w259/i141427.jpg,,,,Ардис,,0,,,,,,,,,,русский
406485,978-5-7406-0915-7,Достоевский Ф. М.,978-5-7406-0863-9,,02.04.2008,4860 гр.,,2008,,Янтарный сказ,,,406485,Калининград,,Собрание сочинений: В 4 томах. Достоевский Ф. М.,True,/image/book/245/w259/i245127.jpg,,,,,215x145,0,,4372,Твердый переплет (дутый) с золотым обрезом,500 экз.,,60х90 1/16,,,,русский
423362,978-5-699-30026-6,Достоевский Ф. М.,430000000000003174,,15.08.2008,610 гр.,,2009,,Эксмо,,,423362,Москва,,Идиот. Достоевский Ф. М.,True,/image/book/257/w259/i257608.jpg,,,,,200x130,0,,800,Твердый переплет+суперобложка,4000 экз.,,84х108 1/32,,,,русский
438062,"978-5-7827-0112-3,978-5-7827-0114-7",Достоевский Ф. М.,,,24.11.2008,1990 гр.,,2008,,,,,438062,Москва,,Преступление и наказание. В 2 томах,True,/image/book/268/w259/i268485.jpg,,,,,207x140,0,,1094,Твердый переплет с золотым обрезом,1500 экз.,,140х207 мм,,,,русский
462213,4607031755907,Достоевский Ф. М.,67502,,25.05.2009,60 гр.,,,2009,,,,462213,,Москва,Идиот. Бедные люди. 1 CD: mp3. Достоевский Ф. М.,True,/image/book/285/w259/i285257.jpg,,,,Ардис,,0,,,,,,,,,,русский
528178,978-5-389-01212-7,Достоевский Ф. М.,00000016946,,01.10.2010,165 гр.,,2014,,Азбука; Азбука-Аттикус,,,528178,СПб,,Белые ночи. Достоевский Ф. М.,True,/image/book/330/w259/i330613.jpg,,,,,180x115,0,,320,Мягкая обложка,3000 экз.,,76х100 1/32,,,,русский
534806,978-5-389-01367-4,Достоевский Ф. М.,00000017170,,15.11.2010,180 гр.,,2011,,Азбука; Азбука-Аттикус,,,534806,СПб,,Чужая жена и муж под кроватью. Достоевский Ф. М.,True,/image/book/335/w259/i335093.jpg,,,,,180x115,0,,368,Мягкая обложка,5000 экз.,,76х100 1/32,,,,русский
537526,978-5-93898-307-6,Достоевский Ф. М.,,Мелованная,30.11.2010,1050 гр.,,2010,,,,Непомнящий Б. Л.,537526,СПб,,Записки из мертвого дома,True,/image/book/336/w259/i336786.jpg,Золотой,,,,240x170,0,,504,Кожаный переплет,1200 экз.,Углубленное тиснение (красочное плоскоуглубленное изображение),70х100 1/16,Вставной,,,русский
539813,978-5-389-01465-7,Достоевский Ф. М.,00000017376,,13.12.2010,115 гр.,,2013,,Азбука; Азбука-Аттикус,,,539813,СПб,,Игрок. Достоевский Ф. М.,True,/image/book/338/w259/i338405.jpg,,,,,180x115,0,,224,Мягкая обложка,3000 экз.,,76х100 1/32,,,,русский
541743,978-5-389-01464-0,Достоевский Ф. М.,00000017410,,22.12.2010,340 гр.,,2011,,Азбука; Азбука-Аттикус,,,541743,СПб,,Бесы. Достоевский Ф. М.,True,/image/book/339/w259/i339583.jpg,,,,,180x115,0,,704,Мягкая обложка,7000 экз.,,76х100 1/32,,,,русский
556836,978-5-389-01995-9,Фицджеральд Ф. С.,00000017817,,04.04.2011,135 гр.,,2012,,Азбука; Азбука-Аттикус,,,556836,СПб,,Великий Гэтсби. Фицджеральд Ф. С.,True,/image/book/349/w259/i349502.jpg,,,Калашникова Е.,,180x115,4,,256,Мягкая обложка,5000 экз.,,76х100 1/32,,,английский,русский
564553,978-5-389-02279-9,Достоевский Ф. М.,00000018092,,19.05.2011,325 гр.,,2011,,Азбука; Азбука-Аттикус,,,564553,СПб,,Преступление и наказание. Достоевский Ф. М.,True,/image/book/355/w259/i355030.jpg,,,,,180x115,0,,672,Мягкая обложка,7000 экз.,,76х100 1/32,,,,русский
574915,978-5-389-02280-5,Достоевский Ф. М.,00000018093,,25.07.2011,130 гр.,,2011,,Азбука; Азбука-Аттикус,,,574915,СПб,,Записки из подполья. Достоевский Ф. М.,True,/image/book/361/w259/i361870.jpg,,,,,180x115,0,,256,Мягкая обложка,5000 экз.,,76х100 1/32,,,,русский
575445,978-5-389-02376-5,Фицджеральд Ф. С.,А0000000234,,28.07.2011,160 гр.,,2012,,Азбука; Азбука-Аттикус,,,575445,СПб,,По эту сторону рая. Фицджеральд Ф. С.,True,/image/book/362/w259/i362218.jpg,,,Лорие М.,,180x115,0,,320,Мягкая обложка,5000 экз.,,76х100 1/32,,,английский,русский
584603,978-5-389-02806-7,Достоевский Ф. М.,А0000000581,,26.09.2011,230 гр.,,2011,,Азбука; Азбука-Аттикус,,,584603,СПб,,Дневник писателя. Достоевский Ф. М.,True,/image/book/368/w259/i368008.jpg,,,,,180x115,0,,464,Мягкая обложка,5000 экз.,,76х100 1/32,,,,русский
585315,978-5-389-02646-9,Достоевский Ф. М.,А0000000470,,29.09.2011,210 гр.,,2013,,Азбука; Азбука-Аттикус,,,585315,СПб,,Униженные и оскорбленные. Достоевский Ф. М.,True,/image/book/368/w259/i368479.jpg,,,,,180x115,0,,432,Мягкая обложка,3000 экз.,,76х100 1/32,,,,русский
624863,978-5-86547-555-2,Достоевский Ф. М.,9785865475552,,17.05.2012,85 гр.,,2012,,Златоуст,,,624863,СПб,,Белые ночи. 4 уровень. 9-е издание. Достоевский Ф. М.,True,/image/book/392/w259/i392601.jpg,,,,,215x145,0,,72,Мягкая обложка,1000 экз.,,60х90 1/16,,,,русский
649639,978-5-389-04730-3,Достоевский Ф. М.,А0000003474,,26.10.2012,445 гр.,,2012,,Азбука; Азбука-Аттикус,,,649639,СПб,,Идиот. Достоевский Ф. М.,True,/image/book/407/w259/i407645.jpg,,,,,200x130,0,,640,Твердый переплет,15000 экз.,,84х108 1/32,,,,русский
654218,978-5-389-04926-0,Достоевский Ф. М.,А0000003840,,22.11.2012,430 гр.,,2013,,Азбука; Азбука-Аттикус,,,654218,СПб,,Преступление и наказание. Достоевский Ф. М.,True,/image/book/410/w259/i410286.jpg,,,,,200x130,0,,608,Твердый переплет,15000 экз.,,84х108 1/32,,,,русский
654222,978-5-389-04764-8,Фицджеральд Ф. С.,А0000003355,,22.11.2012,205 гр.,,2012,,Азбука; Азбука-Аттикус,,,654222,СПб,,Ночь нежна. Фицджеральд Ф. С.,True,/image/book/410/w259/i410278.jpg,,,Калашникова Е.,,180x115,5,,416,Мягкая обложка,50003 экз.,,76х100 1/32,,,английский,русский
655534,978-5-389-04936-9,Фицджеральд Ф. С.,А0000003854,,29.11.2012,320 гр.,,2013,,Азбука; Азбука-Аттикус,,,655534,СПб,,Ночь нежна. Фицджеральд Ф. С.,True,/image/book/411/w259/i411135.jpg,,,Калашникова Е.,,200x130,0,,416,Твердый переплет,15000 экз.,,84х108 1/32,,,английский,русский
673755,978-5-389-05533-9,Достоевский Ф. М.,А0000004425,,26.03.2013,185 гр.,,2013,,Азбука-Аттикус; Авалонъ,,,673755,СПб,,Записки из Мертвого дома. Достоевский Ф. М.,True,/image/book/422/w259/i422720.jpg,,,,,180x115,0,,384,Мягкая обложка,3000 экз.,,76х100 1/32,,,,русский
677874,978-5-389-05648-0,Фицджеральд Ф. С.,А0000004606,,18.04.2013,830 гр.,,2013,,Азбука; Азбука-Аттикус,,,677874,СПб,,Великий Гэтсби. Фицджеральд Ф. С.,True,/image/book/425/w259/i425257.jpg,,,Сорока О.; Калашникова Е.; Лорие М.,,235x140,0,,864,Твердый переплет,4000 экз.,,60х100 1/16,,,английский,русский
691987,978-5-699-57660-9,Достоевский Ф. М.,ITD000000000201818,,26.07.2013,375 гр.,,2013,,Эксмо,,,691987,Москва,,Бесы. Достоевский Ф. М.,True,/image/book/434/w259/i434489.jpg,,,,,180x115,0,,768,Мягкая обложка,4000 экз.,,76х100 1/32,,,,русский
696494,978-5-389-05878-1,Достоевский Ф. М.,А0000004701,,27.08.2013,325 гр.,,2013,,Азбука; Азбука-Аттикус,,,696494,СПб,,Братья Карамазовы. Достоевский Ф. М.,True,/image/book/436/w259/i436665.jpg,,,,,,0,,1056,Твердый переплет (ткань),5000 экз.,,70х84 1/32,,,,русский
703939,978-5-389-06010-4,Достоевский Ф. М.,А0000005015,,10.10.2013,485 гр.,,2013,,Азбука; Азбука-Аттикус,,,703939,СПб,,Бесы. Достоевский Ф. М.,True,/image/book/441/w259/i441345.jpg,,,,,200x130,0,,704,Твердый переплет,10000 экз.,,84х108 1/32,,,,русский
708413,978-5-389-06657-1,Достоевский Ф. М.,А0000006777,,07.11.2013,550 гр.,,2014,,Азбука; Азбука-Аттикус,,,708413,СПб,,Братья Карамазовы. Достоевский Ф. М.,True,/image/book/444/w259/i444390.jpg,,,,,200x130,0,,832,Твердый переплет,15000 экз.,,84х108 1/32,,,,русский
721246,978-5-17-082195-2,Лукьяненко С. В.,AST000000000144075,,21.01.2014,585 гр.,,2014,,АСТ,,,721246,Москва,,Глубина. Лукьяненко С. В.,True,/image/book/460/w259/i460247.jpg,,,,,200x130,0,,796,Твердый переплет,3000 экз.,,84х108 1/32,,,,русский
721423,978-5-389-06888-9,Достоевский Ф. М.,А0000007202,,22.01.2014,335 гр.,,2014,,Азбука; Азбука-Аттикус,,,721423,СПб,,Записки из Мертвого дома. Достоевский Ф. М.,True,/image/book/452/w259/i452079.jpg,,,,,200x130,0,,416,Твердый переплет,15000 экз.,,84х108 1/32,,,,русский
726985,978-5-389-07435-4,Роулинг Дж. К.,А0000007533,,21.02.2014,475 гр.,11 +,2014,,Махаон; Азбука-Аттикус,,,726985,Москва,,Гарри Поттер и Философский камень.,True,/image/book/454/w259/i454685.jpg,,,Спивак М.,,200x130,1,,432,Твердый переплет,35000 экз.,,84х108 1/32,,,английский,русский
734262,978-5-7827-0154-3,Достоевский Ф. М.,,,09.04.2014,3000 гр.,,2014,,,,,734262,Москва,,Братья Карамазовы. В 3 томах,True,/image/book/458/w259/i458910.jpg,,,,,200x145,0,,1343,Кожаный переплет,1000 экз.,,60х84 1/16,,,,русский
736390,978-5-389-07987-8,Роулинг Дж. К.,А0000007898,,21.04.2014,295 гр.,,2014,,Азбука; Азбука-Аттикус,,,736390,СПб,,Случайная вакансия.,True,/image/book/460/w259/i460122.jpg,,,Петрова Е.,,180x115,0,,608,Мягкая обложка,15000 экз.,,75х100 1/32,,,английский,русский
737035,978-5-389-07781-2,Роулинг Дж. К.,А0000007867,,25.04.2014,515 гр.,11 +,2014,,Махаон; Азбука-Аттикус,,,737035,Москва,,Гарри Поттер и Тайная комната.,True,/image/book/460/w259/i460421.jpg,,,Спивак М.,,200x130,0,,480,Твердый переплет,30000 экз.,,84х108 1/32,,,английский,русский
738931,5-02-028-255-3,Достоевский Ф. М.,17607,,07.05.2014,810 гр.,,1996,,Наука,,,738931,СПб,,Собрание сочинений. В 30 томах. Том 15. Письма 1834-1881. Достоевский Ф. М.,True,/image/book/461/w259/i461334.jpg,,,,,200x130,0,,862,Твердый переплет,18000 экз.,,84х108 1/32,,,,русский
739253,978-5-389-07838-3,Фицджеральд Ф. С.,А0000007941,,08.05.2014,235 гр.,,2014,,Азбука; Азбука-Аттикус,,,739253,СПб,,Прекрасные и проклятые. Фицджеральд Ф. С.,True,/image/book/461/w259/i461412.jpg,,,Щенникова В.,,180x115,0,,480,Мягкая обложка,7000 экз.,,75х100 1/32,,,английский,русский
747850,978-5-389-07788-1,Роулинг Дж. К.,А0000008337,,03.07.2014,560 гр.,11 +,2014,,Махаон; Азбука-Аттикус,,,747850,Москва,,Гарри Поттер и узник Азкабана.,True,/image/book/466/w259/i466300.jpg,,,Спивак М.,,200x130,0,,528,Твердый переплет,30000 экз.,,84х108 1/32,,,английский,русский
754387,978-5-17-087268-8,Фрай М.,AST000000000170254,,19.08.2014,420 гр.,,2014,,АСТ,,,754387,Москва,,Мастер ветров и закатов. Фрай М.,True,/image/book/471/w259/i471085.jpg,,,,,200x130,0,,384,Твердый переплет,33000 экз.,,84х108 1/32,,,,русский
755698,978-5-699-74295-0,Роллинс Дж.,ITD000000000343237,,26.08.2014,375 гр.,,2014,,Эксмо,,,755698,Москва,,Кровавое Евангелие. Роллинс Дж.,True,/image/book/472/w259/i472164.jpg,,,Вейсберг Ю.,,165x120,0,,800,Мягкая обложка,7000 экз.,,70х100 1/32,,,английский,русский
758869,978-5-389-08684-5,Фицджеральд Ф. С.,А0000008651,,11.09.2014,180 гр.,,2014,,Азбука; Азбука-Аттикус,,,758869,СПб,,Три часа между рейсами. Фицджеральд Ф. С.,True,/image/book/474/w259/i474122.jpg,,,Дорогокупля В.,,180x115,0,,368,Мягкая обложка,5000 экз.,,75х100 1/32,,,английский,русский
763253,978-5-389-07789-8,Роулинг Дж. К.,А0000008817,,08.10.2014,610 гр.,11 +,2015,,Махаон; Азбука-Аттикус,,,763253,Москва,,Гарри Поттер и Кубок Огня.,True,/image/book/477/w259/i477099.jpg,,,Спивак М.,,200x130,0,,704,Твердый переплет,30000 экз.,,84х108 1/32,,,английский,русский
764719,978-5-17-087266-4,Фрай М.,AST000000000173740,,18.10.2014,585 гр.,,2015,,АСТ,,,764719,Москва,,Чужак. Фрай М.,True,/image/book/478/w259/i478257.jpg,,,,,200x130,0,,640,Твердый переплет,5000 экз.,,84х108 1/32,,,,русский
769276,978-5-389-09042-2,Фицджеральд Ф. С.,А0000008943,,17.11.2014,380 гр.,,2015,,Азбука; Азбука-Аттикус,,,769276,СПб,,Последний магнат. Фицджеральд Ф. С.,True,/image/book/480/w259/i480711.jpg,,,Архангельская И.,,,0,,512,Твердый переплет,10000 экз.,,84х-108 1/32,,,английский,русский
774876,978-5-389-07790-4,Роулинг Дж. К.,А0000009046,,16.12.2014,765 гр.,11 +,2016,,Махаон; Азбука-Аттикус,,,774876,Москва,,Гарри Поттер и Орден Феникса.,True,/image/book/484/w259/i484331.jpg,,,Спивак М.,,200x130,0,,896,Твердый переплет,12000 экз.,,84х108 1/32,,,английский,русский
778271,978-5-17-088270-0,Фрай М.,ASE000000000702085,,17.01.2015,330 гр.,,2015,,АСТ,,,778271,Москва,,Темная сторона. Фрай М.,True,/image/book/486/w259/i486092.jpg,,,,,200x130,0,,352,Твердый переплет,4000 экз.,,84х108 1/32,,,,русский
782918,,Достоевский Ф. М.,,Офсетная,11.02.2015,8100 гр.,,1956,,,,,782918,"Москва, Ленинград",,Собрание сочинений. В 10 томах,True,/image/book/489/w259/i489022.jpg,Рисованный,,,,200x130,0,,,Кожаный переплет,,Углубленное тиснение (красочное плоскоуглубленное изображение),84х108 1/32,,,,русский
784919,978-5-389-09710-0,Достоевский Ф. М.,А0000009576,,24.02.2015,190 гр.,,2015,,Азбука; Азбука-Аттикус,,,784919,СПб,,Бедные люди. Достоевский Ф. М.,True,/image/book/490/w259/i490180.jpg,,,,,180x115,0,,384,Мягкая обложка,5000 экз.,,75х100 1/32,,,,русский
785577,978-5-17-087885-7,Достоевский Ф. М.,ASE000000000702015,,26.02.2015,300 гр.,,2015,,АСТ,,,785577,Москва,,Идиот. Достоевский Ф. М.,True,/image/book/490/w259/i490321.jpg,,,,,180x115,0,,640,Мягкая обложка,5000 экз.,,76х100 1/32,,,,русский
786398,978-5-389-07791-1,Роулинг Дж. К.,А0000009556,,02.03.2015,670 гр.,11 +,2015,,Азбука; Азбука-Аттикус,,,786398,СПб,,Гарри Поттер и Принц-полукровка.,True,/image/book/490/w259/i490575.jpg,,,Спивак М.,,200x130,0,,672,Твердый переплет,40000 экз.,,84х108 1/32,,,английский,русский
786593,978-5-17-088830-6,Фицджеральд Ф. С.,ASE000000000705144,,03.03.2015,190 гр.,,2015,,АСТ,,,786593,Москва,,Великий Гэтсби. Фицджеральд Ф. С.,True,/image/book/490/w259/i490661.jpg,,,Алукард С.,,180x115,0,,256,Мягкая обложка,7000 экз.,,76х100 1/32,,,английский,русский
791885,978-5-17-089303-4,Фрай М.,ASE000000000706698,,01.04.2015,385 гр.,,2015,,АСТ,,,791885,Москва,,"Ветры, ангелы и люди. Фрай М.",True,/image/book/493/w259/i493890.jpg,,,,,200x130,0,,416,Твердый переплет,4000 экз.,,84х108 1/32,,,,русский
794404,978-5-389-07792-8,Роулинг Дж. К.,А0000009817,,14.04.2015,695 гр.,11 +,2015,,Махаон; Азбука-Аттикус,,,794404,Москва,,Гарри Поттер и Дары Смерти.,True,/image/book/495/w259/i495208.jpg,,,Спивак М.,,200x130,0,,704,Твердый переплет,40000 экз.,,84х108 1/32,,,английский,русский
794704,978-5-17-090630-7,Достоевский Ф. М.,ASE000000000703427,,16.04.2015,335 гр.,,2015,,Эксмо,,,794704,Москва,,Преступление и наказание. Достоевский Ф. М.,True,/image/book/495/w259/i495426.jpg,,,,,180x115,0,,672,Мягкая обложка,5000 экз.,,76х100 1/32,,,,русский
795888,"978-5-17-089082-8,978-5-91045-753-3",Стругацкий А. Н.,ASE000000000705949,,24.04.2015,525 гр.,,2015,,Издательский дом Мещерякова; АСТ,Мигунов Евгений Тихонович,,795888,Москва,,"Понедельник начинается в субботу. Стругацкий А. Н., Стругацкий Б. Н.",True,/image/book/496/w259/i496339.jpg,,,,,200x130,0,,320,Твердый переплет,5000 экз.,,84х108 1/32,,,,русский
797517,978-5-17-088647-0,Стругацкий А. Н.,ASE000000000704438,,12.05.2015,175 гр.,,2015,,АСТ,,,797517,Москва,,"Пикник на обочине. Стругацкий А. Н., Стругацкий Б. Н.",True,/image/book/497/w259/i497681.jpg,,,,,180x115,0,,256,Мягкая обложка,5000 экз.,,76х100 1/32,,,,русский
798904,978-5-98015-051-8,Достоевский Ф. М.,70417,,21.05.2015,70 гр.,,2014,,БуКос,,,798904,Москва,,Маленький герой. Достоевский Ф. М.,True,/image/book/498/w259/i498640.jpg,,,,,76x53,0,,171,Твердый переплет с окрашенным обрезом + футляр,3000 экз.,,53х76 мм,,,,русский
799460,978-5-17-090334-4,Стругацкий А. Н.,ASE000000000709823,,26.05.2015,215 гр.,,2015,,АСТ,,,799460,Москва,,Понедельник начинается в субботу. Стругацкий А. Н.,True,/image/book/498/w259/i498998.jpg,,,,,180x115,0,,320,Мягкая обложка,5000 экз.,,76х100 1/32,,,,русский
802260,978-5-17-090413-6,Достоевский Ф. М.,ASE000000000710017,,11.06.2015,410 гр.,,2015,,АСТ,,,802260,Москва,,Бесы. Достоевский Ф. М.,True,/image/book/500/w259/i500422.jpg,,,,,180x115,0,,768,Мягкая обложка,5000 экз.,,76х100 1/32,,,,русский
804626,978-5-389-10002-2,Достоевский Ф. М.,А0000009960,,26.06.2015,130 гр.,,2015,,Азбука; Азбука-Аттикус,,,804626,СПб,,Село Степанчиково и его обитатели. Достоевский Ф. М.,True,/image/book/502/w259/i502426.jpg,,,,,180x115,0,,256,Мягкая обложка,5000 экз.,,75х100 1/32,,,,русский
806393,,Достоевский Ф. М.,,Офсетная,10.07.2015,375 гр.,,2013,,,,,806393,,,Братья Карамазовы,True,/image/book/503/w259/i503228.jpg,Рисованный,,,,,0,,1056,Кожаный переплет,,Углубленное тиснение (красочное плоскоуглубленное изображение),70х84 1/32,,,,русский
806394,,Достоевский Ф. М.,,Офсетная,10.07.2015,410 гр.,,2013,,,,,806394,,,Преступление и наказание. Идиот,True,/image/book/503/w259/i503230.jpg,Рисованный,,,,,0,,1376,Кожаный переплет,,Углубленное тиснение (красочное плоскоуглубленное изображение),70х84 1/32,,,,русский
806636,978-5-389-10130-2,Достоевский Ф. М.,А0000010149,,13.07.2015,135 гр.,,2015,,Азбука; Азбука-Аттикус,,,806636,СПб,,Вечный муж. Кроткая. Достоевский Ф. М.,True,/image/book/503/w259/i503371.jpg,,,,,180x115,0,,256,Мягкая обложка,5000 экз.,,75х100 1/32,,,,русский
807589,,Фицджеральд Ф. С.,,Офсетная,21.07.2015,380 гр.,,2014,,,,Без иллюстраций,807589,СПб,,Великий Гэтсби. Ночь нежна. Последний магнат. Рассказы,True,/image/book/504/w259/i504224.jpg,Рисованный,,Беспалова Л.,,,0,,1056,Кожаный переплет,,Углубленное тиснение (красочное плоскоуглубленное изображение),70х84 01/32,,,английский,русский
810961,978-5-17-092159-1,Стругацкий А. Н.,ASE000000000715318,,18.08.2015,190 гр.,,2015,,АСТ,,,810961,Москва,,"Трудно быть богом. Стругацкий А. Н., Стругацкий Б. Н.",True,/image/book/506/w259/i506312.jpg,,,,,180x115,0,,256,Мягкая обложка,7000 экз.,,76х100 1/32,,,,русский
815089,978-5-389-10472-3,Достоевский Ф. М.,А0000010433,,23.09.2015,310 гр.,,2015,,Азбука; Азбука-Аттикус,,,815089,СПб,,Идиот. Достоевский Ф. М.,True,/image/book/509/w259/i509096.jpg,,,,,180x115,0,,640,Мягкая обложка,5000 экз.,,75х100 1/32,,,,русский
815326,978-5-17-092672-5,Достоевский Ф. М.,ASE000000000716852,,25.09.2015,470 гр.,,2015,,АСТ,,,815326,Москва,,Братья Карамазовы. Достоевский Ф. М.,True,/image/book/509/w259/i509287.jpg,,,,,,0,,992,Мягкая обложка,5000 экз.,,76х100 1/16,,,,русский
815539,978-5-389-10473-0,Достоевский Ф. М.,А0000010432,,28.09.2015,295 гр.,,2015,,Азбука; Азбука-Аттикус,,,815539,СПб,,Подросток. Достоевский Ф. М.,True,/image/book/509/w259/i509460.jpg,,,,,180x115,0,,608,Мягкая обложка,3000 экз.,,75х100 1/32,,,,русский
817538,978-5-93898-535-3,Достоевский Ф. М.,,,14.10.2015,2970 гр.,,2015,,,,,817538,СПб,,Бесы. В 2 томах,True,/image/book/510/w259/i510690.jpg,,,,,240x170,0,,1056,Кожаный переплет (Cabra),800 экз.,,70х100 1/16,,,,русский
822072,978-5-93898-535-3,Достоевский Ф. М.,,,11.11.2015,3385 гр.,,2015,,,,,822072,СПб,,Бесы. В 2 томах,True,/image/book/513/w259/i513667.jpg,,,,,240x170,0,,1056,Кожаный переплет с золотым обрезом+футляр,100 экз.,,70х100 1/16,,,,русский
822220,978-5-17-094115-5,Фицджеральд Ф. С.,ASE000000000719926,,12.11.2015,290 гр.,,2015,,АСТ,,,822220,Москва,,Ночь нежна. Фицджеральд Ф. С.,True,/image/book/513/w259/i513738.jpg,,,Доронина И. Я.,,180x115,5,,480,Мягкая обложка,7000 экз.,,76х100 1/32,,,английский,русский
823300,978-5-17-092508-7,Фрай М.,ASE000000000716380,,19.11.2015,345 гр.,,2016,,АСТ,,,823300,Москва,,Сказки Старого Вильнюса. Фрай М.,True,/image/book/514/w259/i514554.jpg,,,,,200x130,0,,320,Твердый переплет+суперобложка,3500 экз.,,84х108 1/32,,,,русский
823303,978-5-17-092000-6,Глуховский Д. А.,ASE000000000714804,,19.11.2015,455 гр.,,2016,,АСТ,,,823303,Москва,,Сумерки. Глуховский Д. А.,True,/image/book/514/w259/i514551.jpg,,,,,215x170,0,,320,Твердый переплет,3000 экз.,,70х90 1/16,,,,русский
823305,978-5-17-093725-7,Достоевский Ф. М.,ASE000000000719503,,19.11.2015,270 гр.,,2015,,АСТ,,,823305,Москва,,Униженные и оскорбленные. Достоевский Ф. М.,True,/image/book/514/w259/i514555.jpg,,,,,180x115,0,,512,Мягкая обложка,5000 экз.,,76х100 1/32,,,,русский
834922,978-5-17-095180-2,Достоевский Ф. М.,ASE000000000720975,,09.02.2016,310 гр.,,2016,,АСТ,,,834922,Москва,,Подросток. Достоевский Ф. М.,True,/image/book/521/w259/i521786.jpg,,,,,180x115,0,,640,Мягкая обложка,5000 экз.,,76х100 1/32,,,,русский
839677,978-5-17-057752-1,Достоевский Ф. М.,AST000000000007709,,17.03.2016,555 гр.,,2016,,АСТ,,,839677,Москва,,Братья Карамазовы. Достоевский Ф. М.,True,/image/book/525/w259/i525132.jpg,,,,,200x130,0,,781,Твердый переплет,2000 экз.,,84х108 1/32,,,,русский
842009,978-5-17-096331-7,Стругацкий А. Н.,ASE000000000722158,,02.04.2016,200 гр.,,2016,,АСТ,,,842009,Москва,,"За миллиард лет до конца света. Стругацкий А. Н., Стругацкий Б. Н.",True,/image/book/526/w259/i526727.jpg,,,,,180x115,0,,256,Мягкая обложка,7000 экз.,,76х100 1/32,,,,русский
846067,978-5-389-10818-9,Роулинг Дж. К.,А0000011391,,04.05.2016,13003 гр.,15 +,2016,,Махаон; Азбука-Аттикус,Кей Джим,,846067,Москва,,Гарри Поттер и философский камень.,True,/image/book/530/w259/i530477.jpg,,,Спивак М. В.,,290x247,0,,248,Твердый переплет+суперобложка,17000 экз.,,60х100 1/8,,,английский,русский
846132,978-5-389-10668-0,Роулинг Дж. К.,А0000010565,,04.05.2016,4630 гр.,6 +,2016,,Махаон; Азбука-Аттикус,,,846132,Москва,,Гарри Поттер. Полное собрание. Комплект из 7 книг.,True,/image/book/530/w259/i530501.jpg,,,Спивак М.,,200x130,0,,4416,Твердый переплет+коробка,,,130х200 мм,,,английский,русский
849349,978-5-17-097018-6,Достоевский Ф. М.,ASE000000000723026,,31.05.2016,215 гр.,,2016,,АСТ,,,849349,Москва,,Записки из подполья. Достоевский Ф. М.,True,/image/book/533/w259/i533674.jpg,,,,,180x115,0,,352,Мягкая обложка,5000 экз.,,76х100 1/32,,,,русский
850935,978-5-17-098088-8,Фрай М.,ASE000000000724248,,16.06.2016,392 гр.,,2016,,АСТ,,,850935,Москва,,Жалобная книга. Фрай М.,True,/image/book/535/w259/i535621.jpg,,,,,200x130,0,,416,Твердый переплет,4000 экз.,,84x108 1/32,,,,русский
859290,978-5-17-099711-4,Достоевский Ф. М.,ASE000000000826111,,15.09.2016,295 гр.,12 +,2016,,АСТ,,,859290,Москва,,Записки из Мертвого дома. Достоевский Ф. М.,True,/image/book/542/w259/i542589.jpg,,,,,180x115,0,,448,Мягкая обложка,5000 экз.,,76х100 1/32,,,,русский
865083,978-5-389-11558-3,Роулинг Дж. К.,А0000012473,,31.10.2016,1365 гр.,13 +,2016,,Азбука; Азбука-Аттикус,Кей Джим,,865083,Москва,,Гарри Поттер и Тайная комната.,True,/image/book/546/w259/i546839.jpg,,,,,290x247,0,,260,Твердый переплет+суперобложка,10000 экз.,,60х100 1/8,,,английский,русский
865224,978-5-93898-159-1,Достоевский Ф. М.,,Мелованная,01.11.2016,2625 гр.,,2007,,,,С иллюстрациями,865224,СПб,,Преступление и наказание. В 2 томах,True,/image/book/547/w259/i547058.jpg,Золотой,,,,240x170,0,,624,Кожаный переплет+футляр,100 экз.,Углубленное тиснение (красочное плоскоуглубленное изображение),70х100 1/16,Вставной,,,русский
873080,978-5-17-101557-2,Глуховский Д. А.,ASE000000000828054,,25.12.2016,1305 гр.,,2017,,АСТ,,,873080,Москва,,Метро 2033. Метро 2034. Метро 2035. Глуховский Д. А.,True,/image/book/552/w259/i552835.jpg,,,,,260x205,5,Идея подарка,848,Твердый переплет,2500 экз.,,84х108 1/16,,,,русский
880701,978-5-00111-004-0,Хантер Э.,178181,,16.03.2017,340 гр.,11 +,2017,,Абрис,Насыров Леонид Хамидович,,880701,СПб,,Бушующая стихия. Хантер Э.,True,/image/book/559/w259/i559614.jpg,,,Максимова В.,,200x130,0,,315,Твердый переплет,4000 экз.,,84х108 1/32,,,английский,русский
880702,978-5-00111-020-0,Хантер Э.,178184,,16.03.2017,340 гр.,11 +,2017,,Абрис,Насыров Леонид Хамидович,,880702,СПб,,Огонь и лед. Хантер Э.,True,/image/book/559/w259/i559613.jpg,,,Максимова В.,,200x130,0,,317,Твердый переплет,4000 экз.,,84х108 1/32,,,английский,русский
883589,,Достоевский Ф. М.,,,12.04.2017,4880 гр.,,2013,,,,,883589,СПб,,Братья Карамазовы. В 2 томах,True,/image/book/562/w259/i562080.jpg,,,,,240x170,0,,1312,Твердый переплет,,,70х100 1/16,Вставной,,,русский
884205,978-5-17-103090-2,Достоевский Ф. М.,ASE000000000829671,,18.04.2017,160 гр.,,2017,,АСТ,,,884205,Москва,,Игрок. Достоевский Ф. М.,True,/image/book/562/w259/i562463.jpg,,,,,180x115,0,,224,Мягкая обложка,5000 экз.,,76х100 1/32,,,,русский
886733,978-5-389-12730-2,Роулинг Дж. К.,А0000013170,,16.05.2017,380 гр.,11 +,2017,,Азбука-Аттикус,,,886733,СПб,,Фантастические твари и где они обитают. Оригинальный сценарий.,True,/image/book/564/w259/i564680.jpg,,,,,,0,,304,Твердый переплет+суперобложка,50000 экз.,,85х108 1/32,,,английский,русский
887390,978-5-93898-608-4,Достоевский Ф. М.,,,18.05.2017,1280 гр.,,2017,,,,,887390,СПб,,Белые ночи. Петербургская летопись,True,/image/book/565/w259/i565338.jpg,,,,,240x170,0,,448,Кожаный переплет (Cabra),1000 экз.,,70х100 1/16,,,,русский
888162,5-7000-0010-5,Достоевский Ф. М.,,Офсетная,24.05.2017,1545 гр.,,2001,,,,Без иллюстраций,888162,Москва,,Сочинения,True,/image/book/566/w259/i566325.jpg,Окрашенный,,,,240x170,0,,1040,Кожаный переплет,,Блинтовое (бескрасочное плоскоуглубленное изображение),70х100 1/16,,,,русский
888848,978-5-389-12732-6,Роулинг Дж. К.,А0000013173,,26.05.2017,485 гр.,10 +,2017,,Махаон; Азбука-Аттикус,,,888848,Москва,,Сказки барда Бидля.,True,/image/book/567/w259/i567248.jpg,,,Спивак М.,,215x170,0,,136,Твердый переплет,15000 экз.,,70х90 1/16,,,английский,русский
892702,978-5-389-12315-1,Достоевский Ф. М.,А0000012565,,10.07.2017,345 гр.,,2017,,Азбука; Азбука-Аттикус,,,892702,Москва,,Униженные и оскорбленные. Достоевский Ф. М.,True,/image/book/571/w259/i571167.jpg,,,,,200x130,0,,448,Твердый переплет,5000 экз.,,84х108 1/32,,,,русский
898897,,Достоевский Ф. М.,1120,Дизайнерская,14.09.2017,1675 гр.,,2013,,,,Без иллюстраций,898897,Самара,,Братья Карамазовы,True,/image/book/576/w259/i576797.jpg,Торшонированный окрашенный,,,,245x155,0,,780,Твердый переплет (Переплетный материал VIP-класса Madera),50 экз.,Рельефное (бескрасочное или цветное многоуровневое изображение),155х245 мм,,,,русский
901471,978-5-17-086722-6,Фрай М.,AST000000000169864,,06.10.2017,1265 гр.,,2017,,АСТ,,,901471,Москва,,Чужак (репринтное издание). Фрай М.,True,/image/book/579/w259/i579163.jpg,,,,,240x170,0,,752,Твердый переплет,3000 экз.,,70х100 1/16,,,,русский
904220,978-5-389-11837-9,Роулинг Дж. К.,А0000013508,,30.10.2017,1605 гр.,14 +,2017,,Махаон,Кей Джим,,904220,Москва,,Гарри Поттер и узник Азкабана.,True,/image/book/581/w259/i581625.jpg,,,Спивак М.,,290x247,0,,328,Твердый переплет+суперобложка,10000 экз.,,60х100 1/8,,,английский,русский
904331,978-5-00111-192-4,Хантер Э.,188028,,30.10.2017,820 гр.,6 +,2018,,Абрис,"Савельев Е. А., Насыров Л.",,904331,СПб,,Полночь. Восход луны. Хантер Э.,True,/image/book/581/w259/i581779.jpg,,,Максимова В. А.;,,260x170,0,,447,Твердый переплет,3000 экз.,,70х108 1/16,,,английский,русский
904562,978-5-389-13621-2,Роулинг Дж. К.,А0000014458,,01.11.2017,545 гр.,11 +,2017,,Махаон; Азбука-Аттикус,,,904562,Москва,,Гарри Поттер и философский камень.,True,/image/book/581/w259/i581929.jpg,,,Спивак М.,,200x130,0,,464,Твердый переплет с окрашенным обрезом+суперобложка,4000 экз.,,84х108 1/32,,,английский,русский
904776,978-5-04-088533-6,Фицджеральд Ф. С.,ITD000000000880947,,03.11.2017,280 гр.,,2017,,Э,,,904776,Москва,,Загадочная история Бенджамина Баттона. Фицджеральд Ф. С.,True,/image/book/582/w259/i582154.jpg,,,,,180x115,0,,416,Мягкая обложка,4000 экз.,,76х100 1/32,,,английский,русский
904915,978-5-389-13231-3,Роулинг Дж. К.,А0000013961,,07.11.2017,1275 гр.,11 +,2017,,Махаон; Азбука-Аттикус,Джилл Оливия Ломенек,,904915,Москва,,Фантастические твари и где они обитают.,True,/image/book/582/w259/i582296.jpg,,,Спивак М.,,295x252,0,,136,Твердый переплет,10000 экз.,,252х295 мм,,,английский,русский
906249,978-5-389-13859-9,Достоевский Ф. М.,А0000014770,,15.11.2017,330 гр.,,2018,,Азбука; Азбука-Аттикус,,,906249,СПб,,Белые ночи. Достоевский Ф. М.,True,/image/book/583/w259/i583456.jpg,,,,,200x130,0,,416,Твердый переплет,10000 экз.,,84х108 1/32,,,,русский
909653,978-5-389-13838-4,Фицджеральд Ф. С.,А0000014745,,06.12.2017,985 гр.,,2018,,Иностранка; Азбука-Аттикус,,,909653,Москва,,Прекрасные и проклятые. Истории века джаза. Фицджеральд Ф. С.,True,/image/book/586/w259/i586471.jpg,,,Белокриницкая С.,,215x145,0,,992,Твердый переплет,4000 экз.,,60х90 1/16,,,английский,русский
910377,978-5-905909-93-1,Стругацкий А. Н.,978-5-905909-93-1,,11.12.2017,810 гр.,,2017,,"Издательство ""Сидорович""; Ленинград",,,910377,СПб,,"Полное собрание сочинений. 1958. В 33 томах. Том 2. Стругацкий А. Н., Стругацкий Б. Н.",True,/image/book/587/w259/i587008.jpg,,,,,200x130,0,,688,Твердый переплет,350 экз.,,84х108 1/32,,,,русский
910378,978-5-905909-94-8,Стругацкий А. Н.,978-5-905909-94-8,,11.12.2017,805 гр.,,2017,,"Издательство ""Сидорович""; Ленинград",,,910378,СПб,,"Полное собрание сочинений. 1959. В 33 томах. Том 3. Стругацкий А. Н., Стругацкий Б. Н.",True,/image/book/587/w259/i587006.jpg,,,,,200x130,0,,656,Твердый переплет,350 экз.,,84х108 1/32,,,,русский
910850,978-5-00111-152-8,Хантер Э.,186097,,13.12.2017,515 гр.,11 +,2018,,Абрис,,,910850,Москва,,Крутобок & Бич. Комплект из 4 книг. Хантер Э.,True,/image/book/587/w259/i587450.jpg,,,,,200x130,0,,384,Мягкая обложка,,,84х108 1/32,,,английский,русский
913634,978-5-905909-95-5,Стругацкий А. Н.,978-5-905909-95-5,,12.01.2018,720 гр.,,2017,,Издательство Сидорович,,,913634,СПб,,"Полное собрание сочинений. Том 4. 1960. Стругацкий А. Н., Стругацкий Б. Н.",True,/image/book/589/w259/i589732.jpg,,,,,200x130,0,,592,Твердый переплет (ткань),350 экз.,,84х108 1/32,,,,русский
913635,978-5-905909-96-2,Стругацкий А. Н.,978-5-905909-96-2,,12.01.2018,690 гр.,,2017,,Издательство Сидорович,,,913635,СПб,,"Полное собрание сочинений. Том 5. 1961. Стругацкий А. Н., Стругацкий Б. Н.",True,/image/book/589/w259/i589733.jpg,,,,,200x130,0,,560,Твердый переплет (ткань),350 экз.,,84х108 1/32,,,,русский
915189,978-5-389-13954-1,Роулинг Дж. К.,А0000014895,,23.01.2018,485 гр.,11 +,2018,,Махаон; Азбука-Аттикус,,,915189,Москва,,Гарри Поттер и Проклятое дитя. Финальная версия сценария. В 2 частях.,True,/image/book/590/w259/i590954.jpg,,,Спивак М.,,200x130,0,,480,Твердый переплет,20000 экз.,,84х108 1/32,,,английский,русский
916062,978-5-17-106575-1,Достоевский Ф. М.,ASE000000000834418,,31.01.2018,200 гр.,,2018,,АСТ,,,916062,Москва,,Белые ночи. Достоевский Ф. М.,True,/image/book/591/w259/i591957.jpg,,,,,180x115,0,,320,Мягкая обложка,5000 экз.,,76х100 1/32,,,,русский
922260,978-5-00111-315-7,Хантер Э.,200446,,26.03.2018,385 гр.,11 +,2018,,Абрис,Насыров Леонид Хамидович,,922260,Москва,,Звездная тропа. Хантер Э.,True,/image/book/597/w259/i597273.jpg,,,Максимова В.,,200x130,0,,382,Твердый переплет,7000 экз.,,84х108 1/32,,,английский,русский
922627,978-5-389-14380-7,Достоевский Ф. М.,А0000015458,,29.03.2018,1105 гр.,,2018,,Азбука; Азбука-Аттикус,,,922627,СПб,,Преступление и наказание. Идиот. Достоевский Ф. М.,True,/image/book/597/w259/i597630.jpg,,,,,215x145,0,,1120,Твердый переплет,4000 экз.,,60х90 1/16,,,,русский
925078,978-5-93898-647-3,Достоевский Ф. М.,,,18.04.2018,1375 гр.,,2018,,,,,925078,СПб,,Малая проза. Книга 1. Слабое сердце. Чужая жена и муж под кроватью,True,/image/book/599/w259/i599714.jpg,,,,,240x170,0,,472,Твердый переплет,800 экз.,,70х100 1/16,,,,русский
925570,978-5-905909-97-9,Стругацкий А. Н.,978-5-905909-97-9,,23.04.2018,840 гр.,,2017,,Издательство Сидорович,,,925570,СПб,,"Полное собрание сочинений. Том 6. 1962. Стругацкий А. Н., Стругацкий Б. Н.",True,/image/book/600/w259/i600164.jpg,,,,,200x130,0,,720,Твердый переплет (ткань),350 экз.,,84х108 1/32,,,,русский
925571,978-5-905909-99-3,Стругацкий А. Н.,978-5-905909-99-3,,23.04.2018,700 гр.,,2017,,Издательство Сидорович,,,925571,СПб,,"Полное собрание сочинений. Том 7. 1963. Стругацкий А. Н., Стругацкий Б. Н.",True,/image/book/600/w259/i600165.jpg,,,,,200x130,0,,576,Твердый переплет (ткань),350 экз.,,84х108 1/32,,,,русский
926010,978-5-93898-647-3,Достоевский Ф. М.,,Мелованная,26.04.2018,1375 гр.,,2018,,,,,926010,СПб,,Малая проза. Книга 1. Слабое сердце. Чужая жена и муж под кроватью,True,/image/book/600/w259/i600541.jpg,Золотой,,,,240x170,0,,472,Твердый переплет,800 экз.,,70х100 1/16,Вставной,,,русский
927535,978-5-17-107190-5,Лукьяненко С. В.,ASE000000000835056,,11.05.2018,375 гр.,,2018,,АСТ,,,927535,Москва,,Черновик. Лукьяненко С. В.,True,/image/book/601/w259/i601787.jpg,,,,,200x130,0,,352,Твердый переплет,17000 экз.,,84х108 1/32,,,,русский
928578,978-5-00111-358-4,Хантер Э.,204237,,21.05.2018,355 гр.,11 +,2018,,Абрис,,,928578,Москва,,Беглянка. Сны и видения Бабочки. Хантер Э.,True,/image/book/602/w259/i602822.jpg,,,Максимова В. А.,,200x130,0,,317,Твердый переплет,7000 экз.,,84х108 1/32,,,английский,русский
929118,978-5-389-14766-9,Фицджеральд Ф. С.,А0000016141,,24.05.2018,975 гр.,,2018,,Иностранка; Азбука-Аттикус,,,929118,Москва,,Красавицы и джентльмены. Истории беспечной жизни. Фицджеральд Ф. С.,True,/image/book/603/w259/i603263.jpg,,,Архангельская И.,,215x145,0,,960,Твердый переплет,3000 экз.,,60х90 1/16,,,английский,русский
931093,978-5-86547-448-7,Достоевский Ф. М.,,,08.06.2018,215 гр.,,2008,,Златоуст,,,931093,СПб,,Идиот. Уровень 4. Достоевский Ф. М.,True,/image/book/233/w259/i233602.jpg,,,,,215x145,0,,180,Мягкая обложка,1000 экз.,,60х90 1/16,,,,русский
931513,978-5-906044-41-9,Достоевский Ф. М.,,,14.06.2018,40 гр.,,2017,,ТомСувенир,,,931513,Томск,,Бобок. Достоевский Ф. М.,True,/image/book/605/w259/i605231.jpg,,,Garnett C.,,,0,,176,Твердый переплет+суперобложка,250 экз.,,62х94 1/128,,,русский,русский/английский
932066,978-5-17-109282-5,Стругацкий А. Н.,ASE000000000837123,,19.06.2018,295 гр.,,2018,,АСТ,,,932066,Москва,,"Обитаемый остров. Стругацкий А. Н., Стругацкий Б. Н.",True,/image/book/605/w259/i605713.jpg,,,,,180x115,0,,480,Мягкая обложка,7000 экз.,,76х100 1/32,,,,русский
932375,978-5-17-109040-1,Стругацкий А. Н.,ASE000000000837102,,21.06.2018,600 гр.,,2018,,АСТ,,,932375,Москва,,"Собрание сочинений. 1960-1962. Том 2. Стругацкий А. Н., Стругацкий Б. Н.",True,/image/book/605/w259/i605966.jpg,,,,,215x145,0,,544,Твердый переплет,3500 экз.,,60х90 1/16,,,,русский
932433,978-5-17-108973-3,Фрай М.,ASE000000000835457,,22.06.2018,400 гр.,,2018,,АСТ,,,932433,Москва,,Мертвый ноль. Фрай М.,True,/image/book/606/w259/i606053.jpg,,,,,200x130,0,,448,Твердый переплет,30000 экз.,,84х108 1/32,,,,русский
934124,978-5-905909-38-2,Стругацкий А. Н.,978-5-905909-38-2,,13.07.2018,795 гр.,,2018,,Издательство Сидорович,,,934124,СПб,,"Полное собрание сочинений в 33 томах. Том 8. 1964. Стругацкий А. Н., Стругацкий Б. Н.",True,/image/book/607/w259/i607483.jpg,,,,,200x130,0,,656,Твердый переплет (ткань),350 экз.,,84х108 1/32,,,,русский
934125,978-5-905909-39-9,Стругацкий А. Н.,978-5-905909-39-9,,13.07.2018,810 гр.,,2018,,Издательство Сидорович,,,934125,СПб,,"Полное собрание сочинений в 33 томах. Том 9. 1965. Стругацкий А. Н., Стругацкий Б. Н.",True,/image/book/607/w259/i607486.jpg,,,,,200x130,0,,670,Твердый переплет (ткань),350 экз.,,84х108 1/32,,,,русский
934155,978-5-699-57881-8,Роллинс Дж.,ITD000000000203746,,13.07.2018,295 гр.,,2018,,Эксмо,,,934155,Москва,,Ключ Судного дня. Роллинс Дж.,True,/image/book/607/w259/i607493.jpg,,,Саксина С. М.,,165x120,0,,640,Мягкая обложка,4000 экз.,,70х100 1/32,,,английский,русский
935236,978-5-17-107262-9,Фицджеральд Ф. С.,ASE000000000835127,,25.07.2018,240 гр.,,2018,,АСТ,,,935236,Москва,,Великий Гэтсби = The Great Gatsby + аудиоприложение LECTA. Фицджеральд Ф. С.,True,/image/book/608/w259/i608541.jpg,,,Матвеева С.,,215x145,0,,256,Мягкая обложка,2000 экз.,,60х90 1/16,,,,русский/английский
935707,978-5-389-14778-2,Роулинг Дж. К.,А0000016165,,31.07.2018,575 гр.,11 +,2018,,Махаон; Азбука-Аттикус,,,935707,Москва,,Гарри Поттер и Тайная комната.,True,/image/book/608/w259/i608947.jpg,,,Спивак М.,,200x130,0,,496,Твердый переплет с окрашенным обрезом+суперобложка,5000 экз.,,84х108 1/32,,,английский,русский
936778,978-5-17-110023-0,Стругацкий А. Н.,ASE000000000838090,,10.08.2018,705 гр.,,2018,,АСТ,,,936778,Москва,,"Собрание сочинений. 1961-1963. Том 3. Стругацкий А. Н., Стругацкий Б. Н.",True,/image/book/609/w259/i609798.jpg,,,,,215x145x44,0,,640,Твердый переплет,3500 экз.,,60х90 1/16,,,,русский
936898,978-5-17-108501-8,Фицджеральд Ф. С.,ASE000000000836520,,11.08.2018,270 гр.,,2018,,АСТ,,,936898,Москва,,Ночь нежна. Фицджеральд Ф. С.,True,/image/book/609/w259/i609901.jpg,,,,,200x137x25,0,,320,Мягкая обложка,2000 экз.,,60х84 1/16,,,,английский/русский
937954,,Достоевский Ф. М.,978-5-389-14380-7,Офсетная,21.08.2018,1220 гр.,,2018,,,,,937954,СПб,,Преступление и наказание. Идиот,True,/image/book/610/w259/i610742.jpg,Рисованный,,,,215x145x50,0,,1120,Кожаный переплет,,Углубленное тиснение (красочное плоскоуглубленное изображение),60х90 1/16,,,,русский
939085,978-5-04-096626-4,Фицджеральд Ф. С.,ITD000000000918479,,28.08.2018,485 гр.,,2018,,Эксмо,,,939085,Москва,,Я за тебя умру. Фицджеральд Ф. С.,True,/image/book/611/w259/i611786.jpg,,,Голышев В.; Бабков В.,,206x128x29,0,,544,Твердый переплет,7000 экз.,,84х108 1/32,,,английский,русский
940483,978-5-907097-05-6,Фицджеральд Ф. С.,2256888,,06.09.2018,85 гр.,,2018,,Антология,,,940483,СПб,,Curious Case of Benjamin Button. B1. Фицджеральд Ф. С.,True,/image/book/612/w259/i612656.jpg,,,,,120x125x10,0,,128,Мягкая обложка,,,84х108 1/32,,,,русский
940553,978-5-17-109580-2,Фрай М.,ASE000000000837618,,07.09.2018,1195 гр.,,2018,,АСТ,,,940553,Москва,,Все сказки старого Вильнюса. Начало. Фрай М.,True,/image/book/612/w259/i612803.jpg,,,,,240x170x57,0,Идея подарка,768,Твердый переплет,3000 экз.,,70х100 1/16,,,,русский
941016,978-5-00111-505-2,Хантер Э.,216140,,11.09.2018,400 гр.,11 +,2018,,Абрис,,,941016,Москва,,Нерассказанные истории. Месть Кленовницы. Хантер Э.,True,/image/book/613/w259/i613191.jpg,,,Максимова В. А.,,208x130x22,0,,382,Твердый переплет,7000 экз.,,84х108 1/32,,,английский,русский
943320,978-5-93898-668-8,Достоевский Ф. М.,,,27.09.2018,2930 гр.,,2018,,,,,943320,СПб,,Идиот. В 2 томах,True,/image/book/615/w259/i615426.jpg,,,,,245x176x70,0,,512,Твердый переплет+футляр+зол.обрез,800 экз.,,70х100 1/16,,,,русский
944865,978-5-905909-42-9,Стругацкий А. Н.,978-5-905909-42-9,,10.10.2018,975 гр.,,2018,,Издательство Сидорович,,,944865,СПб,,"Полное собрание сочинений. В 33 томах. Том 10. 1966. Стругацкий А. Н., Стругацкий Б. Н.",True,/image/book/616/w259/i616567.jpg,,,,,208x132x48,0,,832,Твердый переплет (ткань),350 экз.,,84х108 1/32,,,,русский
944866,978-5-905909-43-6,Стругацкий А. Н.,978-5-905909-43-6,,10.10.2018,485 гр.,,2018,,Издательство Сидорович,,,944866,СПб,,"Полное собрание сочинений. В 33 томах. Том 11. Часть 1. 1967. Стругацкий А. Н., Стругацкий Б. Н.",True,/image/book/616/w259/i616566.jpg,,,,,208x132x23,0,,352,Твердый переплет (ткань),350 экз.,,84х108 1/32,,,,русский
952785,978-5-17-111395-7,Достоевский Ф. М.,ASE000000000839527,,19.10.2018,215 гр.,,2018,,АСТ,,,952785,Москва,,Бедные люди. Достоевский Ф. М.,True,/image/book/624/w259/i624364.jpg,,,,,180x115x17,0,,352,Мягкая обложка,5000 экз.,,76х100 1/32,,,,русский
953811,978-5-389-14833-8,Роулинг Дж. К.,А0000016221,,25.10.2018,1275 гр.,13 +,2018,,Махаон; Азбука-Аттикус,Цвергер Лизбет,,953811,Москва,,Сказки барда Бидля.,True,/image/book/624/w259/i624915.jpg,,,Спивак М.,,295x255x24,0,Идея подарка,160,Твердый переплет,,,295х255 мм,,,английский,русский
956575,"978-5-17-110413-9,978-5-17-110415-3",Достоевский Ф. М.,ASE000000000838465,,05.11.2018,,12 +,2018,,АСТ,,,956575,Москва,,Идиот. Достоевский Ф. М.,False,/image/book/627/w259/i627395.jpg,,,,,,0,,640,Твердый переплет,3000 экз.,,84х108 1/32,,,,русский
956576,"978-5-17-105906-4,978-5-17-105903-3",Достоевский Ф. М.,ASE000000000833735,,05.11.2018,,12 +,2018,,АСТ,,,956576,Москва,,Преступление и наказание. Достоевский Ф. М.,False,/image/book/627/w259/i627396.jpg,,,,,,0,,638,Твердый переплет,4000 экз.,,84х108 1/32,,,,русский
958467,978-5-00111-008-8,Хантер Э.,178172,,05.11.2018,,6 +,2017,,Абрис,,,958467,Москва,,Восход солнца. Хантер Э.,False,/image/book/629/w259/i629285.jpg,,,Максимова В.,,,0,,350,Твердый переплет,4000 экз.,,84х108 1/32,,,английский,русский
958468,978-5-00111-298-3,Хантер Э.,190713,,05.11.2018,390 гр.,6 +,2018,,Абрис,,,958468,Москва,,Время выбора. Хантер Э.,False,/image/book/629/w259/i629286.jpg,,,Максимова В.А.,,,0,,382,Твердый переплет,7000 экз.,,84х108 1/32,,,английский,русский
958471,978-5-00111-010-1,Хантер Э.,178173,,05.11.2018,,6 +,2017,,Абрис,,,958471,Москва,,Длинные тени. Хантер Э.,False,/image/book/629/w259/i629289.jpg,,,Максимова В. А.,,,0,,319,Твердый переплет,4000 экз.,,84х108 1/32,,,английский,русский
958472,978-5-00111-012-5,Хантер Э.,178174,,05.11.2018,,6 +,2017,,Абрис,,,958472,Москва,,Закат. Хантер Э.,False,/image/book/629/w259/i629290.jpg,,,Максимова В. А.,,,0,,315,Твердый переплет,4000 экз.,,84х108 1/32,,,английский,русский
958473,978-5-00111-000-2,Хантер Э.,178214,,05.11.2018,630 гр.,6 +,2017,,Абрис,,,958473,Москва,,Закон племен. Хантер Э.,False,/image/book/629/w259/i629291.jpg,,,,,,0,,191,Твердый переплет,3000 экз.,,70х100 1/16,,,английский,русский
958477,978-5-00111-307-2,Хантер Э.,197374,,05.11.2018,330 гр.,,2018,,Абрис,,,958477,Москва,,Миссия Огнезвезда. Возрождение.. Хантер Э.,False,/image/book/629/w259/i629295.jpg,,,Максимова В.А.,,,0,,320,Твердый переплет,2000 экз.,,84х108 1/32,,,английский,русский
958478,978-5-00111-173-3,Хантер Э.,187173,,05.11.2018,,6 +,2017,,Абрис,,,958478,Москва,,Нерасказанные истории. Ярость Когтя. Хантер Э.,False,/image/book/629/w259/i629296.jpg,,,Максимова В.А.,,,0,,350,Твердый переплет,6000 экз.,,84х108 1/32,,,английский,русский
958479,978-5-00111-303-4,Хантер Э.,197375,,05.11.2018,360 гр.,,2018,,Абрис,,,958479,Москва,,Прерванный путь. Хантер Э.,False,/image/book/629/w259/i629297.jpg,,,Максимова В.А.,,,0,,348,Твердый переплет,2000 экз.,,84х108 1/32,,,английский,русский
958480,978-5-00111-190-0,Хантер Э.,186094,,05.11.2018,,6 +,2017,,Абрис,,,958480,Москва,,Земля отважных. Расколотый прайд. Хантер Э.,False,/image/book/629/w259/i629298.jpg,,,Голосовская А. Ю.,,,0,,350,Твердый переплет,7000 экз.,,84х108 1/32,,,английский,русский
958481,978-5-00111-035-4,Хантер Э.,182601,,05.11.2018,335 гр.,,2017,,Абрис,,,958481,Москва,,"Коты-воители. Цикл ""Судьба небесного племени"". Сомнение. Хантер Э.",False,/image/book/629/w259/i629299.jpg,,,Максимова В. А.,,,0,,318,Твердый переплет,3000 экз.,,84х108 1/32,,,английский,русский
959761,978-5-389-04728-0,Фицджеральд Ф. С.,А0000003478,,09.11.2018,365 гр.,,2019,,Азбука; Азбука-Аттикус,,,959761,СПб,,Великий Гэтсби. Фицджеральд Ф. С.,True,/image/book/630/w259/i630602.jpg,,,Лорие М.; Калашникова Е.,,206x130x32,0,,480,Твердый переплет,7000 экз.,,84х108 1/32,,,английский,русский
960688,978-5-00111-002-6,Хантер Э.,178170,,12.11.2018,,6 +,2017,,Абрис,,,960688,Москва,,Битва за лес. Хантер Э.,False,/image/book/631/w259/i631223.jpg,,,Максимова В.,,,0,,349,Твердый переплет,4000 экз.,,84х108 1/32,,,английский,русский
960689,978-5-00111-189-4,Хантер Э.,188030,,12.11.2018,360 гр.,,2018,,Абрис,,,960689,Москва,,Голоса в ночи. Хантер Э.,False,/image/book/631/w259/i631224.jpg,,,Максимова В. А.,,,0,,349,Твердый переплет,4000 экз.,,84х108 1/32,,,английский,русский
960773,978-5-00111-022-4,Хантер Э.,178177,,13.11.2018,,6 +,2017,,Абрис,,,960773,Москва,,Опасная тропа. Хантер Э.,False,/image/book/631/w259/i631353.jpg,,,Максимова В. А.,,,0,,347,Твердый переплет,4000 экз.,,84х108 1/32,,,английский,русский
960774,978-5-00111-024-8,Хантер Э.,178183,,13.11.2018,,6 +,2017,,Абрис,,,960774,Москва,,Полночь. Хантер Э.,False,/image/book/631/w259/i631354.jpg,,,Максимова В.,,,0,,318,Твердый переплет,4000 экз.,,84х108 1/32,,,английский,русский
961433,978-5-17-111543-2,Стругацкий А. Н.,ASE000000000839686,,15.11.2018,195 гр.,,2018,,АСТ,,,961433,Москва,,"Жук в муравейнике. Стругацкий А. Н., Стругацкий Б. Н.",True,/image/book/631/w259/i631965.jpg,,,,,180x113x17,0,,320,Мягкая обложка,7000 экз.,,76х100 1/32,,,,русский
962079,978-5-17-111467-1,Фрай М.,ASE000000000839612,,17.11.2018,440 гр.,,2018,,АСТ,,,962079,Москва,,Полный НяпиZдинг. Фрай М.,True,/image/book/632/w259/i632573.jpg,,,,,205x133x30,0,,448,Твердый переплет,3000 экз.,,84х108 1/32,,,,русский
964338,978-5-00111-006-4,Хантер Э.,178171,,27.11.2018,,6 +,2017,,Абрис,,,964338,Москва,,Восход луны. Хантер Э.,False,/image/book/634/w259/i634157.jpg,,,Максимова В. А.,,,0,,316,Твердый переплет,4000 экз.,,84х108 1/32,,,английский,русский
964356,,Достоевский Ф. М.,,Офсетная,27.11.2018,900 гр.,,2018,,,,,964356,СПб,,Малое собрание сочинений,True,/image/book/634/w259/i634232.jpg,Рисованный,,,,215x145x50,0,,800,Кожаный переплет,,Углубленное тиснение (красочное плоскоуглубленное изображение),60х90 1/16,,,,русский
966110,978-5-17-112584-4,Лукьяненко С. В.,ASE000000000840773,,05.12.2018,305 гр.,,2018,,АСТ,,,966110,Москва,,Кайноzой. Лукьяненко С. В.,True,/image/book/636/w259/i636078.jpg,,,,,207x132x18,1,,320,Твердый переплет,45000 экз.,,84х108 1/32,,,,русский
966528,978-5-17-112194-5,Фрай М.,ASE000000000840372,,07.12.2018,330 гр.,,2019,,АСТ,,,966528,Москва,,Тяжелый свет Куртейна. Синий. Фрай М.,True,/image/book/636/w259/i636483.jpg,,,,,205x130x21,5,,352,Твердый переплет,20000 экз.,,84х108 1/32,,,,русский
970021,978-5-00111-011-8,Хантер Э.,178274,,25.12.2018,360 гр.,6 +,2017,,Абрис,,,970021,Москва,,Обещание Метеора. Прозрение. Хантер Э.,False,/image/book/639/w259/i639169.jpg,,,Максимова В. А.,,,0,,350,Твердый переплет,3000 экз.,,84х108 1/32,,,английский,русский
970487,978-5-00111-372-0,Хантер Э.,207433,,27.12.2018,375 гр.,,2018,,Абрис,,,970487,Москва,,Главная надежда. Хантер Э.,False,/image/book/639/w259/i639733.jpg,,,Максимова Вероника,,,0,,384,Твердый переплет,3000 экз.,,84х108 1/32,,,английский,русский
971032,978-5-00111-345-4,Хантер Э.,207437,,04.01.2019,334 гр.,6 +,2018,,Абрис,,,971032,Москва,,Долгая ночь. Хантер Э.,False,/image/book/640/w259/i640354.jpg,,,Павлова И. В.,,205x132x20,0,,318,Твердый переплет,5000 экз.,,84х108 1/32,,,английский,русский
971033,978-5-00111-351-5,Хантер Э.,204213,,04.01.2019,845 гр.,6 +,2018,,Абрис,,,971033,Москва,,Рассвет. Звездный свет. Хантер Э.,False,/image/book/640/w259/i640355.jpg,,,Максимова В.А.,,,0,,463,Твердый переплет,3000 экз.,,70*108 1/16,,,английский,русский
971727,978-5-00111-531-1,Хантер Э.,220310,,13.01.2019,845 гр.,,2019,,Абрис,,,971727,Москва,,Приключения Ольхолапа. Хантер Э.,False,/image/book/640/w259/i640875.jpg,,,Максимова В.А.,,,0,,317,Твердый переплет,3000 экз.,,70*108 1/16,,,английский,русский
972574,978-5-17-114425-8,Глуховский Д. А.,ASE000000000842698,,18.01.2019,520 гр.,,2019,,АСТ,,,972574,Москва,,Метро 2033. Глуховский Д. А.,True,/image/book/641/w259/i641541.jpg,,,,,215x167x25,0,,384,Твердый переплет,20000 экз.,,70х90 1/16,,,,русский
972600,978-5-905909-44-3,Стругацкий А. Н.,,,18.01.2019,650 гр.,,2018,,Издательство Сидорович,,,972600,СПб,,"Полное собрание сочинений. В 33 томах. Том 12. 1967. Часть 2. Стругацкий А. Н., Стругацкий Б. Н.",True,/image/book/641/w259/i641659.jpg,,,,,208x132x23,0,,544,Твердый переплет (ткань),350 экз.,,84х108 1/32,,,,русский
972610,978-5-905909-48-1,Стругацкий А. Н.,,,18.01.2019,705 гр.,,2019,,Издательство Сидорович,,,972610,СПб,,"Полное собрание сочинений. В 33 томах. Том 13. 1968. Часть 1. Стругацкий А. Н., Стругацкий Б. Н.",True,/image/book/641/w259/i641661.jpg,,,,,208x132x34,0,,576,Твердый переплет (ткань),350 экз.,,84х108 1/32,,,,русский
972772,978-5-17-113081-7,Стругацкий А. Н.,ASE000000000841315,,19.01.2019,645 гр.,,2019,,АСТ,,,972772,Москва,,"Собрание сочинений. 1967-1968. Том 5. Стругацкий А. Н., Стругацкий Б. Н.",True,/image/book/641/w259/i641698.jpg,,,,,220x145x40,0,,607,Твердый переплет,2500 экз.,,60х90 1/16,,,,русский
973330,978-5-04-099915-6,Фицджеральд Ф. С.,ITD000000000945881,,22.01.2019,180 гр.,,2019,,Эксмо,,,973330,Москва,,"Спаси меня, вальс. Фицджеральд Ф. С.",True,/image/book/641/w259/i641911.jpg,,,Володарская Л.,,180x115x14,0,,352,Мягкая обложка,3000 экз.,,76х100 1/32,,,английский,русский
974491,978-5-389-15734-7,Роулинг Дж. К.,А0000017322,,29.01.2019,385 гр.,10 +,2019,,Махаон; Азбука-Аттикус,,,974491,Москва,,Фантастические твари. Преступления Грин-де-Вальда. Оригинальный сценарий.,True,/image/book/642/w259/i642743.jpg,,,,,206x130x25,5,,304,Твердый переплет+суперобложка,35000 экз.,,84х108 1/32,,,английский,русский
975440,978-5-00111-533-5,Хантер Э.,223830,,02.02.2019,365 гр.,6 +,2019,,Абрис,,,975440,Москва,,Земля отважных. Ветер перемен. Хантер Э.,False,/image/book/643/w259/i643504.jpg,,,Голосовская А.Ю.,,,0,,351,Твердый переплет,3000 экз.,,84х108 1/32,,,английский,русский
975782,978-5-00111-180-1,Хантер Э.,184012,,05.02.2019,355 гр.,,2017,,Абрис,,,975782,Москва,,Тайный враг. Хантер Э.,False,/image/book/643/w259/i643790.jpg,,,Максимова В. А.,,,0,,351,Твердый переплет,3000 экз.,,84х108 1/32,,,английский,русский
976267,978-5-17-113122-7,Глуховский Д. А.,ASE000000000841358,,08.02.2019,520 гр.,,2019,,АСТ,,,976267,Москва,,Метро 2035. Глуховский Д. А.,True,/image/book/644/w259/i644239.jpg,,,,,216x168x24,0,,384,Твердый переплет,5000 экз.,,70х90 1/16,,,,русский
977392,978-5-17-113588-1,Стругацкий А. Н.,ASE000000000841844,,15.02.2019,650 гр.,,2019,,АСТ,,,977392,Москва,,"Собрание сочинений. 1969-1973. Том 6. Стругацкий А. Н., Стругацкий Б. Н.",True,/image/book/645/w259/i645242.jpg,,,,,220x145x40,0,,592,Твердый переплет,2500 экз.,,60х90 1/16,,,,русский
977588,978-5-17-085880-4,Лукьяненко С. В.,AST000000000166475,,16.02.2019,520 гр.,,2019,,АСТ,,,977588,Москва,,Трикс: Недотепа. Непоседа. Лукьяненко С. В.,True,/image/book/645/w259/i645377.jpg,,,,,205x130x35,0,,768,Твердый переплет,2000 экз.,,84х108 1/32,,,,русский
979197,978-5-00111-525-0,Хантер Э.,223831,,27.02.2019,356 гр.,,2019,,Абрис,,,979197,Москва,,Тени сгущаются. Хантер Э.,False,/image/book/646/w259/i646705.jpg,,,Павлова И.В.,,,0,,351,Твердый переплет,5000 экз.,,84х108 1/32,,,английский,русский
979539,978-5-00111-535-9,Хантер Э.,223832,,28.02.2019,357 гр.,6 +,2019,,Абрис,,,979539,Москва,,Бескрайнее Озеро. Хантер Э.,False,/image/book/646/w259/i646800.jpg,,,Максимова В.А.,,,0,,350,Твердый переплет,2000 экз.,,84х108 1/32,,,английский,русский
980091,978-5-389-15519-0,Достоевский Ф. М.,А0000017071,,04.03.2019,850 гр.,,2019,,Азбука; Азбука-Аттикус,,,980091,СПб,,Братья Карамазовы. Достоевский Ф. М.,True,/image/book/647/w259/i647201.jpg,,,,,215x145x39,0,,832,Твердый переплет,3000 экз.,,60х90 1/16,,,,русский
981645,978-5-04-100921-2,Достоевский Ф. М.,ITD000000000953061,,15.03.2019,730 гр.,,2019,,Эксмо,,,981645,Москва,,Братья Карамазовы. Достоевский Ф. М.,True,/image/book/648/w259/i648456.jpg,,,,,200x130x45,0,,896,Твердый переплет+суперобложка,3000 экз.,,84х108 1/32,,,,русский
982096,5-7406-0937-5,Достоевский Ф. М.,,,19.03.2019,75 гр.,,2005,,Янтарный сказ,,,982096,Калининград,,Дневник писателя. Достоевский Ф. М.,True,/image/book/150/w259/i150372.jpg,,,,,,0,,144,Твердый переплет,5000 экз.,,70х90 1/64,,,,русский
982409,978-5-17-113862-2,Фрай М.,ASE000000000842052,,21.03.2019,430 гр.,,2019,,АСТ,,,982409,Москва,,"Книга для таких, как я. Фрай М.",True,/image/book/649/w259/i649059.jpg,,,,,200x130x30,0,,480,Твердый переплет,7000 экз.,,84х108 1/32,,,,русский
983191,978-5-17-114346-6,Стругацкий А. Н.,ASE000000000842614,,26.03.2019,285 гр.,,2019,,АСТ,,,983191,Москва,,"Пикник на обочине. Стругацкий А. Н., Стругацкий Б. Н.",True,/image/book/649/w259/i649619.jpg,,,,,180x115x25,0,,256,Твердый переплет,5000 экз.,,76х100 1/32,,,,русский
986027,978-5-905909-51-1,Стругацкий А. Н.,978-5-905909-51-1,,15.04.2019,555 гр.,,2019,,Издательство Сидорович,,,986027,СПб,,"Полное собрание сочинений. В 33 томах. Том 14. 1968. Часть 2. Стругацкий А. Н., Стругацкий Б. Н.",True,/image/book/652/w259/i652085.jpg,,,,,208x132x27,0,,448,Твердый переплет (ткань),350 экз.,,84х108 1/32,,,,русский
986028,978-5-905909-52-8,Стругацкий А. Н.,978-5-905909-52-8,,15.04.2019,690 гр.,,2019,,Издательство Сидорович,,,986028,СПб,,"Полное собрание сочинений. В 33 томах. Том 15. 1969. Стругацкий А. Н., Стругацкий Б. Н.",True,/image/book/652/w259/i652086.jpg,,,,,208x132x34,0,,560,Твердый переплет (ткань),350 экз.,,84х108 1/32,,,,русский
987119,978-5-9603-0470-2,Достоевский Ф. М.,ББ29279,,22.04.2019,990 гр.,,2019,,СЗКЭО,,,987119,СПб,,Преступление и наказание. Достоевский Ф. М.,True,/image/book/652/w259/i652738.jpg,,,,,241x175x41,0,,432,Твердый переплет,3000 экз.,,,,,,русский
988509,,Достоевский Ф. М.,978-5-389-15519-0,Офсетная,30.04.2019,960 гр.,,2019,,,,,988509,СПб,,Братья Карамазовы,True,/image/book/653/w259/i653792.jpg,Рисованный,,,,215x145x45,0,,832,Кожаный переплет,,Углубленное тиснение (красочное плоскоуглубленное изображение),60х90 1/16,,,,русский
989505,978-5-00111-512-0,Хантер Э.,231137,,14.05.2019,340 гр.,,2019,,Абрис,,,989505,Москва,,Ослепление. Хантер Э.,False,/image/book/654/w259/i654653.jpg,,,Максимова В. А.;,,200x130,0,,319,Твердый переплет,7000 экз.,,84х108 1/32,,,английский,русский
989763,978-5-93898-696-1,Достоевский Ф. М.,,,15.05.2019,1510 гр.,,2019,,,,,989763,СПб,,Малая проза. Книга 2. Скверный анекдот. Крокодил. Вечный муж. Бобок,True,/image/book/654/w259/i654875.jpg,,,,,240x170x40,0,,536,Твердый переплет,800 экз.,,70х100 1/16,,,,русский
990989,978-5-17-114426-5,Глуховский Д. А.,ASE000000000842697,,21.05.2019,510 гр.,,2019,,АСТ,,,990989,Москва,,Метро 2034. Глуховский Д. А.,True,/image/book/655/w259/i655626.jpg,,,,,215x170x23,0,,384,Твердый переплет,10000 экз.,,70х90 1/16,,,,русский
991338,978-5-17-115636-7,Стругацкий А. Н.,ASE000000000843991,,23.05.2019,605 гр.,,2019,,АСТ,,,991338,Москва,,"Собрание сочинений. 1973—1978. Том 7. Стругацкий А. Н., Стругацкий Б. Н.",True,/image/book/655/w259/i655814.jpg,,,,,218x145x38,0,,560,Твердый переплет,2800 экз.,,60х90 1/16,,,,русский
991340,978-5-17-116497-3,Фрай М.,ASE000000000842721,,23.05.2019,460 гр.,,2019,,АСТ,,,991340,Москва,,Тяжелый свет Куртейна. Желтый. Фрай М.,True,/image/book/655/w259/i655760.jpg,,,,,200x130x30,0,,480,Твердый переплет,18000 экз.,,84х108 1/32,,,,русский
991695,978-5-17-115019-8,Стругацкий А. Н.,ASE000000000843324,,25.05.2019,175 гр.,,2019,,АСТ,,,991695,Москва,,"Волны гасят ветер. Стругацкий А. Н., Стругацкий Б. Н.",True,/image/book/656/w259/i656112.jpg,,,,,180x115x14,0,,256,Мягкая обложка,5000 экз.,,76х100 1/32,,,,русский
992092,978-5-17-116301-3,Лукьяненко С. В.,ASE000000000844685,,29.05.2019,380 гр.,,2019,,АСТ,,,992092,Москва,,Порог. Лукьяненко С. В.,True,/image/book/656/w259/i656518.jpg,,,,,215x145x20,5,,352,Твердый переплет,30000 экз.,,60х90 1/16,,,,русский
992455,978-5-4224-1537-3,Достоевский Ф. М.,СМ017429,,30.05.2019,6960 гр.,,2019,,Книжный Клуб Книговек,,,992455,Москва,,Собрание сочинений. В 10 томах. Достоевский Ф. М.,True,/image/book/656/w259/i656673.jpg,,,,,200x130x345,0,Идея подарка,,Твердый переплет,,,84х108 1/32,,,,русский
993215,978-5-04-103329-3,Фицджеральд Ф. С.,ITD000000000967642,,06.06.2019,200 гр.,,2019,,Эксмо,,,993215,Москва,,Загадочная история Бенджамина Баттона. The Curious Case of Benjamin Button. Фицджеральд Ф. С.,True,/image/book/657/w259/i657327.jpg,,,,,180x115x15,0,,320,Мягкая обложка,4000 экз.,,76х100 1/32,,,английский,русский/английский
993496,978-5-00111-409-3,Хантер Э.,232292,,10.06.2019,370 гр.,11 +,2019,,Абрис,Меньшикова Юлия,,993496,Москва,,Красная луна. Хантер Э.,True,/image/book/657/w259/i657799.jpg,,,Павлова И. В.,,205x130x17,5,,352,Твердый переплет,5000 экз.,,84х108 1/32,,,английский,русский
993665,978-5-4375-0057-6,Лукьяненко С. В.,56290,,11.06.2019,670 гр.,,2019,,Белый Единорог,,,993665,,,Застава. Лукьяненко С. В.,True,/image/book/658/w259/i658050.jpg,,,,,280x185x12,0,,,Мягкая обложка,,,,,,,русский
994883,978-5-17-114669-6,Фрай М.,ASE000000000839827,,21.06.2019,1240 гр.,,2019,,АСТ,,,994883,Москва,,Все сказки старого Вильнюса. Продолжение. Фрай М.,True,/image/book/658/w259/i658836.jpg,,,,,240x170x45,0,,848,Твердый переплет,2500 экз.,,70х100 1/16,,,,русский
994923,978-5-00108-509-6,Достоевский Ф. М.,IDM00006739,,21.06.2019,560 гр.,10 +,2019,,Издательский дом Мещерякова,,,994923,Москва,,Село Степанчиково и его обитатели. Из записок неизвестного. Достоевский Ф. М.,True,/image/book/658/w259/i658853.jpg,,,,,200x145x22,0,,296,Твердый переплет,1500 экз.,,60х84 1/16,,,,русский
995335,978-5-00111-495-6,Хантер Э.,232289,,25.06.2019,341 гр.,,2019,,Абрис,,,995335,Москва,,Первые испытания. Хантер Э.,False,/image/book/659/w259/i659056.jpg,,,Максимова В.А.,,200x130,0,,320,Твердый переплет,3000 экз.,,84х108 1/32,,,английский,русский
995751,978-5-17-115140-9,Фрай М.,ASE000000000843233,,27.06.2019,440 гр.,,2019,,АСТ,,,995751,Москва,,Сказки старого Вильнюса V. Фрай М.,True,/image/book/659/w259/i659404.jpg,,,,,200x130x28,0,,480,Твердый переплет,1500 экз.,,84х108 1/32,,,,русский
995794,978-5-9603-0470-2,Достоевский Ф. М.,,Офсетная,27.06.2019,1100 гр.,,2019,,,,С иллюстрациями,995794,СПб,,Преступление и наказание,True,/image/book/659/w259/i659553.jpg,Рисованный,,,,241x175x45,0,,432,Кожаный переплет,,Углубленное тиснение (красочное плоскоуглубленное изображение),,,,,русский
996088,978-5-00111-526-7,Хантер Э.,232290,,29.06.2019,884 гр.,6 +,2019,,Абрис,,,996088,Москва,,Отверженные. Затмение. Хантер Э.,False,/image/book/659/w259/i659619.jpg,,,Максимова В.А.,,260x170,0,,494,Твердый переплет,2500 экз.,,70х108 1/16,,,английский,русский
997112,978-5-00111-576-2,Хантер Э.,232787,,06.07.2019,320 гр.,,2019,,Абрис,,,997112,Москва,,Медвежье озеро. Хантер Э.,False,/image/book/660/w259/i660968.jpg,,,Максомова В. А.,,200x130,0,,320,Мягкая обложка,3000 экз.,,84х108 1/32,,,английский,русский
997191,978-5-9922-0332-5,Достоевский Ф. М.,188881,,08.07.2019,2445 гр.,,2019,,АЛЬФА-КНИГА,,,997191,Москва,,Полное собрание романов в двух томах. В 2 книгах. Достоевский Ф. М.,True,/image/book/661/w259/i661044.jpg,,,,,215x145x115,0,,2558,Твердый переплет,3000 экз.,,60х90 1/16,,,,русский
997758,978-5-17-116303-7,Стругацкий А. Н.,ASE000000000844688,,12.07.2019,1995 гр.,,2019,,АСТ,,,997758,Москва,,"Пикник на обочине вселенной. Стругацкий А. Н., Стругацкий Б. Н.",True,/image/book/661/w259/i661765.jpg,,,,,260x205x70,2,,1328,Твердый переплет,3000 экз.,,84х108 1/16,,,,русский
